<?xml version="1.0" encoding="UTF-8"?>
<!DOCTYPE generatorConfiguration
        PUBLIC "-//mybatis.org//DTD MyBatis Generator Configuration 1.0//EN"
        "http://mybatis.org/dtd/mybatis-generator-config_1_0.dtd">


<generatorConfiguration>

    <context id="default" targetRuntime="MyBatis3">
        <!-- 去除注释 -->
        <commentGenerator>
            <property name="suppressAllComments" value="true"/>
        </commentGenerator>

        <!-- 配置数据库连接信息 -->
        <jdbcConnection driverClass="com.mysql.cj.jdbc.Driver"
                        connectionURL="jdbc:mysql://localhost:3306/hunt_admin?serverTimezone=GMT%2B8"
                        userId="root"
                        password="123456">
        </jdbcConnection>

        <!--这东西不用管-->
        <javaTypeResolver >
            <property name="forceBigDecimals" value="false" />
        </javaTypeResolver>

        <!-- 指定javaBean的生成位置 -->
        <javaModelGenerator targetPackage="com.worxfr.pojo" targetProject=".\src\main\java">
            <property name="enableSubPackages" value="true" />
            <property name="trimStrings" value="true" />
        </javaModelGenerator>

        <!-- 指定sql映射文件生成的位置 -->
        <sqlMapGenerator targetPackage="mappers"  targetProject=".\src\main\resources">
            <property name="enableSubPackages" value="true" />
        </sqlMapGenerator>

        <!-- 指定dao接口生成的位置 也就是mapper接口生成的位置 -->
        <javaClientGenerator type="XMLMAPPER" targetPackage="com.worxfr.dao"  targetProject=".\src\main\java">
            <property name="enableSubPackages" value="true" />
        </javaClientGenerator>

        <!-- 指定哪个表的生成策略 -->
        <!--<table tableName="student" domainObjectName="Student" enableCountByExample="false" enableUpdateByExample="false" enableDeleteByExample="false" enableSelectByExample="false" selectByExampleQueryId="false" />-->
        <!--<table tableName="manager" domainObjectName="Manager" enableCountByExample="false" enableUpdateByExample="false" enableDeleteByExample="false" enableSelectByExample="false" selectByExampleQueryId="false" />-->
        <!--<table tableName="teacher" domainObjectName="Teacher" enableCountByExample="false" enableUpdateByExample="false" enableDeleteByExample="false" enableSelectByExample="false" selectByExampleQueryId="false" />-->

        <!--<table tableName="exam" domainObjectName="Exam" enableCountByExample="false" enableUpdateByExample="false" enableDeleteByExample="false" enableSelectByExample="false" selectByExampleQueryId="false" />-->
        <!--<table tableName="batch" domainObjectName="Batch" enableCountByExample="false" enableUpdateByExample="false" enableDeleteByExample="false" enableSelectByExample="false" selectByExampleQueryId="false" />-->
        <table tableName="user_hunt" domainObjectName="UserHunt" enableCountByExample="false" enableUpdateByExample="false" enableDeleteByExample="false" enableSelectByExample="false" selectByExampleQueryId="false" />
        <table tableName="power_detail" domainObjectName="PowerDetail" enableCountByExample="false" enableUpdateByExample="false" enableDeleteByExample="false" enableSelectByExample="false" selectByExampleQueryId="false" />
        <table tableName="impower" domainObjectName="Impower" enableCountByExample="false" enableUpdateByExample="false" enableDeleteByExample="false" enableSelectByExample="false" selectByExampleQueryId="false" />

        <!--<table tableName="subject" domainObjectName="Subject" enableCountByExample="false" enableUpdateByExample="false" enableDeleteByExample="false" enableSelectByExample="false" selectByExampleQueryId="false" />-->
        <!--<table tableName="answer_record" domainObjectName="AnswerRecord" enableCountByExample="false" enableUpdateByExample="false" enableDeleteByExample="false" enableSelectByExample="false" selectByExampleQueryId="false" />-->

        <!--<table tableName="paper" domainObjectName="Paper" enableCountByExample="false" enableUpdateByExample="false" enableDeleteByExample="false" enableSelectByExample="false" selectByExampleQueryId="false" />-->
        <!--<table tableName="question" domainObjectName="Question" enableCountByExample="false" enableUpdateByExample="false" enableDeleteByExample="false" enableSelectByExample="false" selectByExampleQueryId="false" />-->
        <!--<table tableName="question_paper" domainObjectName="QuestionPaper" enableCountByExample="false" enableUpdateByExample="false" enableDeleteByExample="false" enableSelectByExample="false" selectByExampleQueryId="false" />-->
        <!--<table tableName="paper_compose" domainObjectName="PaperCompose" enableCountByExample="false" enableUpdateByExample="false" enableDeleteByExample="false" enableSelectByExample="false" selectByExampleQueryId="false" />-->
        <!--<table tableName="question_type" domainObjectName="PaperCompose" enableCountByExample="false" enableUpdateByExample="false" enableDeleteByExample="false" enableSelectByExample="false" selectByExampleQueryId="false" />-->
    </context>
</generatorConfiguration>