<?xml version="1.0" encoding="UTF-8"?>
<!DOCTYPE mapper PUBLIC "-//mybatis.org//DTD Mapper 3.0//EN" "http://mybatis.org/dtd/mybatis-3-mapper.dtd">
<mapper namespace="com.worxfr.dao.ImpowerMapper">
  <resultMap id="BaseResultMap" type="com.worxfr.pojo.Impower">
    <result column="id" jdbcType="BIGINT" property="id" />
    <result column="from_id" jdbcType="BIGINT" property="fromId" />
    <result column="to_id" jdbcType="BIGINT" property="toId" />
    <result column="impower_time" jdbcType="TIMESTAMP" property="impowerTime" />
  </resultMap>
  <insert id="insert" parameterType="com.worxfr.pojo.Impower">
    insert into impower (id, from_id, to_id, 
      impower_time)
    values (#{id,jdbcType=BIGINT}, #{fromId,jdbcType=BIGINT}, #{toId,jdbcType=BIGINT}, 
      #{impowerTime,jdbcType=TIMESTAMP})
  </insert>
  <insert id="insertSelective" parameterType="com.worxfr.pojo.Impower">
    insert into impower
    <trim prefix="(" suffix=")" suffixOverrides=",">
      <if test="id != null">
        id,
      </if>
      <if test="fromId != null">
        from_id,
      </if>
      <if test="toId != null">
        to_id,
      </if>
      <if test="impowerTime != null">
        impower_time,
      </if>
    </trim>
    <trim prefix="values (" suffix=")" suffixOverrides=",">
      <if test="id != null">
        #{id,jdbcType=BIGINT},
      </if>
      <if test="fromId != null">
        #{fromId,jdbcType=BIGINT},
      </if>
      <if test="toId != null">
        #{toId,jdbcType=BIGINT},
      </if>
      <if test="impowerTime != null">
        #{impowerTime,jdbcType=TIMESTAMP},
      </if>
    </trim>
  </insert>
  <resultMap id="BaseResultMap" type="com.worxfr.pojo.Impower">
    <result column="id" jdbcType="BIGINT" property="id" />
    <result column="impower_time" jdbcType="TIMESTAMP" property="impowerTime" />
  </resultMap>
  <insert id="insert" parameterType="com.worxfr.pojo.Impower">
    insert into impower (id, impower_time)
    values (#{id,jdbcType=BIGINT}, #{impowerTime,jdbcType=TIMESTAMP})
  </insert>
  <insert id="insertSelective" parameterType="com.worxfr.pojo.Impower">
    insert into impower
    <trim prefix="(" suffix=")" suffixOverrides=",">
      <if test="id != null">
        id,
      </if>
      <if test="impowerTime != null">
        impower_time,
      </if>
    </trim>
    <trim prefix="values (" suffix=")" suffixOverrides=",">
      <if test="id != null">
        #{id,jdbcType=BIGINT},
      </if>
      <if test="impowerTime != null">
        #{impowerTime,jdbcType=TIMESTAMP},
      </if>
    </trim>
  </insert>
  <resultMap id="BaseResultMap" type="com.worxfr.pojo.Impower">
    <result column="id" jdbcType="BIGINT" property="id" />
    <result column="impower_time" jdbcType="TIMESTAMP" property="impowerTime" />
  </resultMap>
  <sql id="Example_Where_Clause">
    <where>
      <foreach collection="oredCriteria" item="criteria" separator="or">
        <if test="criteria.valid">
          <trim prefix="(" prefixOverrides="and" suffix=")">
            <foreach collection="criteria.criteria" item="criterion">
              <choose>
                <when test="criterion.noValue">
                  and ${criterion.condition}
                </when>
                <when test="criterion.singleValue">
                  and ${criterion.condition} #{criterion.value}
                </when>
                <when test="criterion.betweenValue">
                  and ${criterion.condition} #{criterion.value} and #{criterion.secondValue}
                </when>
                <when test="criterion.listValue">
                  and ${criterion.condition}
                  <foreach close=")" collection="criterion.value" item="listItem" open="(" separator=",">
                    #{listItem}
                  </foreach>
                </when>
              </choose>
            </foreach>
          </trim>
        </if>
      </foreach>
    </where>
  </sql>
  <sql id="Update_By_Example_Where_Clause">
    <where>
      <foreach collection="example.oredCriteria" item="criteria" separator="or">
        <if test="criteria.valid">
          <trim prefix="(" prefixOverrides="and" suffix=")">
            <foreach collection="criteria.criteria" item="criterion">
              <choose>
                <when test="criterion.noValue">
                  and ${criterion.condition}
                </when>
                <when test="criterion.singleValue">
                  and ${criterion.condition} #{criterion.value}
                </when>
                <when test="criterion.betweenValue">
                  and ${criterion.condition} #{criterion.value} and #{criterion.secondValue}
                </when>
                <when test="criterion.listValue">
                  and ${criterion.condition}
                  <foreach close=")" collection="criterion.value" item="listItem" open="(" separator=",">
                    #{listItem}
                  </foreach>
                </when>
              </choose>
            </foreach>
          </trim>
        </if>
      </foreach>
    </where>
  </sql>
  <sql id="Base_Column_List">
    id, impower_time
  </sql>
  <select id="selectByExample" parameterType="com.worxfr.pojo.ImpowerExample" resultMap="BaseResultMap">
    select
    <if test="distinct">
      distinct
    </if>
    'false' as QUERYID,
    <include refid="Base_Column_List" />
    from impower
    <if test="_parameter != null">
      <include refid="Example_Where_Clause" />
    </if>
    <if test="orderByClause != null">
      order by ${orderByClause}
    </if>
  </select>
  <delete id="deleteByExample" parameterType="com.worxfr.pojo.ImpowerExample">
    delete from impower
    <if test="_parameter != null">
      <include refid="Example_Where_Clause" />
    </if>
  </delete>
  <insert id="insert" parameterType="com.worxfr.pojo.Impower">
    insert into impower (id, impower_time)
    values (#{id,jdbcType=BIGINT}, #{impowerTime,jdbcType=TIMESTAMP})
  </insert>
  <insert id="insertSelective" parameterType="com.worxfr.pojo.Impower">
    insert into impower
    <trim prefix="(" suffix=")" suffixOverrides=",">
      <if test="id != null">
        id,
      </if>
      <if test="impowerTime != null">
        impower_time,
      </if>
    </trim>
    <trim prefix="values (" suffix=")" suffixOverrides=",">
      <if test="id != null">
        #{id,jdbcType=BIGINT},
      </if>
      <if test="impowerTime != null">
        #{impowerTime,jdbcType=TIMESTAMP},
      </if>
    </trim>
  </insert>
  <update id="updateByExampleSelective" parameterType="map">
    update impower
    <set>
      <if test="record.id != null">
        id = #{record.id,jdbcType=BIGINT},
      </if>
      <if test="record.impowerTime != null">
        impower_time = #{record.impowerTime,jdbcType=TIMESTAMP},
      </if>
    </set>
    <if test="_parameter != null">
      <include refid="Update_By_Example_Where_Clause" />
    </if>
  </update>
  <update id="updateByExample" parameterType="map">
    update impower
    set id = #{record.id,jdbcType=BIGINT},
      impower_time = #{record.impowerTime,jdbcType=TIMESTAMP}
    <if test="_parameter != null">
      <include refid="Update_By_Example_Where_Clause" />
    </if>
  </update>
  <resultMap id="BaseResultMap" type="com.worxfr.pojo.Impower">
    <result column="id" jdbcType="BIGINT" property="id" />
    <result column="impower_time" jdbcType="TIMESTAMP" property="impowerTime" />
  </resultMap>
  <insert id="insert" parameterType="com.worxfr.pojo.Impower">
    insert into impower (id, impower_time)
    values (#{id,jdbcType=BIGINT}, #{impowerTime,jdbcType=TIMESTAMP})
  </insert>
  <insert id="insertSelective" parameterType="com.worxfr.pojo.Impower">
    insert into impower
    <trim prefix="(" suffix=")" suffixOverrides=",">
      <if test="id != null">
        id,
      </if>
      <if test="impowerTime != null">
        impower_time,
      </if>
    </trim>
    <trim prefix="values (" suffix=")" suffixOverrides=",">
      <if test="id != null">
        #{id,jdbcType=BIGINT},
      </if>
      <if test="impowerTime != null">
        #{impowerTime,jdbcType=TIMESTAMP},
      </if>
    </trim>
  </insert>
</mapper>