<?xml version="1.0" encoding="UTF-8"?>
<!DOCTYPE mapper PUBLIC "-//mybatis.org//DTD Mapper 3.0//EN" "http://mybatis.org/dtd/mybatis-3-mapper.dtd">
<mapper namespace="com.worxfr.dao.PowerDetailMapper">
  <resultMap id="BaseResultMap" type="com.worxfr.pojo.PowerDetail">
    <result column="id" jdbcType="BIGINT" property="id" />
    <result column="power" jdbcType="BIGINT" property="power" />
    <result column="resource" jdbcType="VARCHAR" property="resource" />
  </resultMap>
  <insert id="insert" parameterType="com.worxfr.pojo.PowerDetail">
    insert into power_detail (id, power, resource
      )
    values (#{id,jdbcType=BIGINT}, #{power,jdbcType=BIGINT}, #{resource,jdbcType=VARCHAR}
      )
  </insert>
  <insert id="insertSelective" parameterType="com.worxfr.pojo.PowerDetail">
    insert into power_detail
    <trim prefix="(" suffix=")" suffixOverrides=",">
      <if test="id != null">
        id,
      </if>
      <if test="power != null">
        power,
      </if>
      <if test="resource != null">
        resource,
      </if>
    </trim>
    <trim prefix="values (" suffix=")" suffixOverrides=",">
      <if test="id != null">
        #{id,jdbcType=BIGINT},
      </if>
      <if test="power != null">
        #{power,jdbcType=BIGINT},
      </if>
      <if test="resource != null">
        #{resource,jdbcType=VARCHAR},
      </if>
    </trim>
  </insert>
  <resultMap id="BaseResultMap" type="com.worxfr.pojo.PowerDetail">
    <result column="id" jdbcType="BIGINT" property="id" />
    <result column="power" jdbcType="BIGINT" property="power" />
    <result column="resource" jdbcType="VARCHAR" property="resource" />
  </resultMap>
  <insert id="insert" parameterType="com.worxfr.pojo.PowerDetail">
    insert into power_detail (id, power, resource
      )
    values (#{id,jdbcType=BIGINT}, #{power,jdbcType=BIGINT}, #{resource,jdbcType=VARCHAR}
      )
  </insert>
  <insert id="insertSelective" parameterType="com.worxfr.pojo.PowerDetail">
    insert into power_detail
    <trim prefix="(" suffix=")" suffixOverrides=",">
      <if test="id != null">
        id,
      </if>
      <if test="power != null">
        power,
      </if>
      <if test="resource != null">
        resource,
      </if>
    </trim>
    <trim prefix="values (" suffix=")" suffixOverrides=",">
      <if test="id != null">
        #{id,jdbcType=BIGINT},
      </if>
      <if test="power != null">
        #{power,jdbcType=BIGINT},
      </if>
      <if test="resource != null">
        #{resource,jdbcType=VARCHAR},
      </if>
    </trim>
  </insert>
  <resultMap id="BaseResultMap" type="com.worxfr.pojo.PowerDetail">
    <result column="id" jdbcType="BIGINT" property="id" />
    <result column="power" jdbcType="BIGINT" property="power" />
    <result column="resource" jdbcType="VARCHAR" property="resource" />
  </resultMap>
  <sql id="Example_Where_Clause">
    <where>
      <foreach collection="oredCriteria" item="criteria" separator="or">
        <if test="criteria.valid">
          <trim prefix="(" prefixOverrides="and" suffix=")">
            <foreach collection="criteria.criteria" item="criterion">
              <choose>
                <when test="criterion.noValue">
                  and ${criterion.condition}
                </when>
                <when test="criterion.singleValue">
                  and ${criterion.condition} #{criterion.value}
                </when>
                <when test="criterion.betweenValue">
                  and ${criterion.condition} #{criterion.value} and #{criterion.secondValue}
                </when>
                <when test="criterion.listValue">
                  and ${criterion.condition}
                  <foreach close=")" collection="criterion.value" item="listItem" open="(" separator=",">
                    #{listItem}
                  </foreach>
                </when>
              </choose>
            </foreach>
          </trim>
        </if>
      </foreach>
    </where>
  </sql>
  <sql id="Update_By_Example_Where_Clause">
    <where>
      <foreach collection="example.oredCriteria" item="criteria" separator="or">
        <if test="criteria.valid">
          <trim prefix="(" prefixOverrides="and" suffix=")">
            <foreach collection="criteria.criteria" item="criterion">
              <choose>
                <when test="criterion.noValue">
                  and ${criterion.condition}
                </when>
                <when test="criterion.singleValue">
                  and ${criterion.condition} #{criterion.value}
                </when>
                <when test="criterion.betweenValue">
                  and ${criterion.condition} #{criterion.value} and #{criterion.secondValue}
                </when>
                <when test="criterion.listValue">
                  and ${criterion.condition}
                  <foreach close=")" collection="criterion.value" item="listItem" open="(" separator=",">
                    #{listItem}
                  </foreach>
                </when>
              </choose>
            </foreach>
          </trim>
        </if>
      </foreach>
    </where>
  </sql>
  <sql id="Base_Column_List">
    id, power, resource
  </sql>
  <select id="selectByExample" parameterType="com.worxfr.pojo.PowerDetailExample" resultMap="BaseResultMap">
    select
    <if test="distinct">
      distinct
    </if>
    'false' as QUERYID,
    <include refid="Base_Column_List" />
    from power_detail
    <if test="_parameter != null">
      <include refid="Example_Where_Clause" />
    </if>
    <if test="orderByClause != null">
      order by ${orderByClause}
    </if>
  </select>
  <delete id="deleteByExample" parameterType="com.worxfr.pojo.PowerDetailExample">
    delete from power_detail
    <if test="_parameter != null">
      <include refid="Example_Where_Clause" />
    </if>
  </delete>
  <insert id="insert" parameterType="com.worxfr.pojo.PowerDetail">
    insert into power_detail (id, power, resource
      )
    values (#{id,jdbcType=BIGINT}, #{power,jdbcType=BIGINT}, #{resource,jdbcType=VARCHAR}
      )
  </insert>
  <insert id="insertSelective" parameterType="com.worxfr.pojo.PowerDetail">
    insert into power_detail
    <trim prefix="(" suffix=")" suffixOverrides=",">
      <if test="id != null">
        id,
      </if>
      <if test="power != null">
        power,
      </if>
      <if test="resource != null">
        resource,
      </if>
    </trim>
    <trim prefix="values (" suffix=")" suffixOverrides=",">
      <if test="id != null">
        #{id,jdbcType=BIGINT},
      </if>
      <if test="power != null">
        #{power,jdbcType=BIGINT},
      </if>
      <if test="resource != null">
        #{resource,jdbcType=VARCHAR},
      </if>
    </trim>
  </insert>
  <update id="updateByExampleSelective" parameterType="map">
    update power_detail
    <set>
      <if test="record.id != null">
        id = #{record.id,jdbcType=BIGINT},
      </if>
      <if test="record.power != null">
        power = #{record.power,jdbcType=BIGINT},
      </if>
      <if test="record.resource != null">
        resource = #{record.resource,jdbcType=VARCHAR},
      </if>
    </set>
    <if test="_parameter != null">
      <include refid="Update_By_Example_Where_Clause" />
    </if>
  </update>
  <update id="updateByExample" parameterType="map">
    update power_detail
    set id = #{record.id,jdbcType=BIGINT},
      power = #{record.power,jdbcType=BIGINT},
      resource = #{record.resource,jdbcType=VARCHAR}
    <if test="_parameter != null">
      <include refid="Update_By_Example_Where_Clause" />
    </if>
  </update>
  <resultMap id="BaseResultMap" type="com.worxfr.pojo.PowerDetail">
    <result column="id" jdbcType="BIGINT" property="id" />
    <result column="power" jdbcType="BIGINT" property="power" />
    <result column="resource" jdbcType="VARCHAR" property="resource" />
  </resultMap>
  <insert id="insert" parameterType="com.worxfr.pojo.PowerDetail">
    insert into power_detail (id, power, resource
      )
    values (#{id,jdbcType=BIGINT}, #{power,jdbcType=BIGINT}, #{resource,jdbcType=VARCHAR}
      )
  </insert>
  <insert id="insertSelective" parameterType="com.worxfr.pojo.PowerDetail">
    insert into power_detail
    <trim prefix="(" suffix=")" suffixOverrides=",">
      <if test="id != null">
        id,
      </if>
      <if test="power != null">
        power,
      </if>
      <if test="resource != null">
        resource,
      </if>
    </trim>
    <trim prefix="values (" suffix=")" suffixOverrides=",">
      <if test="id != null">
        #{id,jdbcType=BIGINT},
      </if>
      <if test="power != null">
        #{power,jdbcType=BIGINT},
      </if>
      <if test="resource != null">
        #{resource,jdbcType=VARCHAR},
      </if>
    </trim>
  </insert>
</mapper>