<?xml version="1.0" encoding="UTF-8"?>
<!DOCTYPE mapper PUBLIC "-//mybatis.org//DTD Mapper 3.0//EN" "http://mybatis.org/dtd/mybatis-3-mapper.dtd">
<mapper namespace="com.worxfr.dao.UserHuntMapper">
  <resultMap id="BaseResultMap" type="com.worxfr.pojo.UserHunt">
    <result column="id" jdbcType="BIGINT" property="id" />
    <result column="job_id" jdbcType="VARCHAR" property="jobId" />
    <result column="username" jdbcType="VARCHAR" property="username" />
    <result column="password" jdbcType="VARCHAR" property="password" />
    <result column="role" jdbcType="VARCHAR" property="role" />
    <result column="organ" jdbcType="VARCHAR" property="organ" />
    <result column="phone" jdbcType="VARCHAR" property="phone" />
    <result column="email" jdbcType="VARCHAR" property="email" />
    <result column="create_time" jdbcType="TIMESTAMP" property="createTime" />
    <result column="update_time" jdbcType="TIMESTAMP" property="updateTime" />
  </resultMap>
  <sql id="Base_Column_List">
    id, job_id, username, password, role, organ, phone, email, create_time, update_time
  </sql>

  <insert id="insert" parameterType="com.worxfr.pojo.UserHunt">
    insert into user_hunt (id, job_id, username, 
      password, role, organ, 
      phone, email, create_time, 
      update_time)
    values (#{id,jdbcType=BIGINT}, #{jobId,jdbcType=VARCHAR}, #{username,jdbcType=VARCHAR},
      #{password,jdbcType=VARCHAR}, #{role,jdbcType=VARCHAR}, #{organ,jdbcType=VARCHAR}, 
      #{phone,jdbcType=VARCHAR}, #{email,jdbcType=VARCHAR}, #{createTime,jdbcType=TIMESTAMP}, 
      #{updateTime,jdbcType=TIMESTAMP})
  </insert>
  <insert id="insertSelective" parameterType="com.worxfr.pojo.UserHunt">
    insert into user_hunt
    <trim prefix="(" suffix=")" suffixOverrides=",">
      <if test="id != null">
        id,
      </if>
      <if test="jobId != null">
        job_id,
      </if>
      <if test="username != null">
        username,
      </if>
      <if test="password != null">
        password,
      </if>
      <if test="role != null">
        role,
      </if>
      <if test="organ != null">
        organ,
      </if>
      <if test="phone != null">
        phone,
      </if>
      <if test="email != null">
        email,
      </if>
      <if test="createTime != null">
        create_time,
      </if>
      <if test="updateTime != null">
        update_time,
      </if>
    </trim>
    <trim prefix="values (" suffix=")" suffixOverrides=",">
      <if test="id != null">
        #{id,jdbcType=BIGINT},
      </if>
      <if test="jobId != null">
        #{jobId,jdbcType=VARCHAR},
      </if>
      <if test="username != null">
        #{username,jdbcType=VARCHAR},
      </if>
      <if test="password != null">
        #{password,jdbcType=VARCHAR},
      </if>
      <if test="role != null">
        #{role,jdbcType=VARCHAR},
      </if>
      <if test="organ != null">
        #{organ,jdbcType=VARCHAR},
      </if>
      <if test="phone != null">
        #{phone,jdbcType=VARCHAR},
      </if>
      <if test="email != null">
        #{email,jdbcType=VARCHAR},
      </if>
      <if test="createTime != null">
        #{createTime,jdbcType=TIMESTAMP},
      </if>
      <if test="updateTime != null">
        #{updateTime,jdbcType=TIMESTAMP},
      </if>
    </trim>
  </insert>
  <resultMap id="BaseResultMap" type="com.worxfr.pojo.UserHunt">
    <result column="id" jdbcType="BIGINT" property="id" />
    <result column="job_id" jdbcType="VARCHAR" property="jobId" />
    <result column="username" jdbcType="VARCHAR" property="username" />
    <result column="password" jdbcType="VARCHAR" property="password" />
    <result column="role" jdbcType="BIGINT" property="role" />
    <result column="organ" jdbcType="VARCHAR" property="organ" />
    <result column="phone" jdbcType="VARCHAR" property="phone" />
    <result column="email" jdbcType="VARCHAR" property="email" />
    <result column="create_time" jdbcType="TIMESTAMP" property="createTime" />
    <result column="update_time" jdbcType="TIMESTAMP" property="updateTime" />
  </resultMap>
  <insert id="insert" parameterType="com.worxfr.pojo.UserHunt">
    insert into user_hunt (id, job_id, username, 
      password, role, organ, 
      phone, email, create_time, 
      update_time)
    values (#{id,jdbcType=BIGINT}, #{jobId,jdbcType=VARCHAR}, #{username,jdbcType=VARCHAR},
      #{password,jdbcType=VARCHAR}, #{role,jdbcType=BIGINT}, #{organ,jdbcType=VARCHAR},
      #{phone,jdbcType=VARCHAR}, #{email,jdbcType=VARCHAR}, #{createTime,jdbcType=TIMESTAMP}, 
      #{updateTime,jdbcType=TIMESTAMP})
  </insert>
  <insert id="insertSelective" parameterType="com.worxfr.pojo.UserHunt">
    insert into user_hunt
    <trim prefix="(" suffix=")" suffixOverrides=",">
      <if test="id != null">
        id,
      </if>
      <if test="jobId != null">
        job_id,
      </if>
      <if test="username != null">
        username,
      </if>
      <if test="password != null">
        password,
      </if>
      <if test="role != null">
        role,
      </if>
      <if test="organ != null">
        organ,
      </if>
      <if test="phone != null">
        phone,
      </if>
      <if test="email != null">
        email,
      </if>
      <if test="createTime != null">
        create_time,
      </if>
      <if test="updateTime != null">
        update_time,
      </if>
    </trim>
    <trim prefix="values (" suffix=")" suffixOverrides=",">
      <if test="id != null">
        #{id,jdbcType=BIGINT},
      </if>
      <if test="jobId != null">
        #{jobId,jdbcType=VARCHAR},
      </if>
      <if test="username != null">
        #{username,jdbcType=VARCHAR},
      </if>
      <if test="password != null">
        #{password,jdbcType=VARCHAR},
      </if>
      <if test="role != null">
        #{role,jdbcType=BIGINT},
      </if>
      <if test="organ != null">
        #{organ,jdbcType=VARCHAR},
      </if>
      <if test="phone != null">
        #{phone,jdbcType=VARCHAR},
      </if>
      <if test="email != null">
        #{email,jdbcType=VARCHAR},
      </if>
      <if test="createTime != null">
        #{createTime,jdbcType=TIMESTAMP},
      </if>
      <if test="updateTime != null">
        #{updateTime,jdbcType=TIMESTAMP},
      </if>
    </trim>
  </insert>
  <resultMap id="BaseResultMap" type="com.worxfr.pojo.UserHunt">
    <result column="id" jdbcType="BIGINT" property="id" />
    <result column="job_id" jdbcType="VARCHAR" property="jobId" />
    <result column="username" jdbcType="VARCHAR" property="username" />
    <result column="password" jdbcType="VARCHAR" property="password" />
    <result column="role" jdbcType="BIGINT" property="role" />
    <result column="organ" jdbcType="VARCHAR" property="organ" />
    <result column="phone" jdbcType="VARCHAR" property="phone" />
    <result column="email" jdbcType="VARCHAR" property="email" />
    <result column="create_time" jdbcType="TIMESTAMP" property="createTime" />
    <result column="update_time" jdbcType="TIMESTAMP" property="updateTime" />
  </resultMap>
  <sql id="Example_Where_Clause">
    <where>
      <foreach collection="oredCriteria" item="criteria" separator="or">
        <if test="criteria.valid">
          <trim prefix="(" prefixOverrides="and" suffix=")">
            <foreach collection="criteria.criteria" item="criterion">
              <choose>
                <when test="criterion.noValue">
                  and ${criterion.condition}
                </when>
                <when test="criterion.singleValue">
                  and ${criterion.condition} #{criterion.value}
                </when>
                <when test="criterion.betweenValue">
                  and ${criterion.condition} #{criterion.value} and #{criterion.secondValue}
                </when>
                <when test="criterion.listValue">
                  and ${criterion.condition}
                  <foreach close=")" collection="criterion.value" item="listItem" open="(" separator=",">
                    #{listItem}
                  </foreach>
                </when>
              </choose>
            </foreach>
          </trim>
        </if>
      </foreach>
    </where>
  </sql>
  <sql id="Update_By_Example_Where_Clause">
    <where>
      <foreach collection="example.oredCriteria" item="criteria" separator="or">
        <if test="criteria.valid">
          <trim prefix="(" prefixOverrides="and" suffix=")">
            <foreach collection="criteria.criteria" item="criterion">
              <choose>
                <when test="criterion.noValue">
                  and ${criterion.condition}
                </when>
                <when test="criterion.singleValue">
                  and ${criterion.condition} #{criterion.value}
                </when>
                <when test="criterion.betweenValue">
                  and ${criterion.condition} #{criterion.value} and #{criterion.secondValue}
                </when>
                <when test="criterion.listValue">
                  and ${criterion.condition}
                  <foreach close=")" collection="criterion.value" item="listItem" open="(" separator=",">
                    #{listItem}
                  </foreach>
                </when>
              </choose>
            </foreach>
          </trim>
        </if>
      </foreach>
    </where>
  </sql>
  <sql id="Base_Column_List">
    id, job_id, username, password, role, organ, phone, email, create_time, update_time
  </sql>
  <select id="selectByExample" parameterType="com.worxfr.pojo.UserHuntExample" resultMap="BaseResultMap">
    select
    <if test="distinct">
      distinct
    </if>
    'false' as QUERYID,
    <include refid="Base_Column_List" />
    from user_hunt
    <if test="_parameter != null">
      <include refid="Example_Where_Clause" />
    </if>
    <if test="orderByClause != null">
      order by ${orderByClause}
    </if>
  </select>
  <delete id="deleteByExample" parameterType="com.worxfr.pojo.UserHuntExample">
    delete from user_hunt
    <if test="_parameter != null">
      <include refid="Example_Where_Clause" />
    </if>
  </delete>
  <insert id="insert" parameterType="com.worxfr.pojo.UserHunt">
    insert into user_hunt (id, job_id, username, 
      password, role, organ, 
      phone, email, create_time, 
      update_time)
    values (#{id,jdbcType=BIGINT}, #{jobId,jdbcType=VARCHAR}, #{username,jdbcType=VARCHAR},
      #{password,jdbcType=VARCHAR}, #{role,jdbcType=BIGINT}, #{organ,jdbcType=VARCHAR},
      #{phone,jdbcType=VARCHAR}, #{email,jdbcType=VARCHAR}, #{createTime,jdbcType=TIMESTAMP}, 
      #{updateTime,jdbcType=TIMESTAMP})
  </insert>
  <insert id="insertSelective" parameterType="com.worxfr.pojo.UserHunt">
    insert into user_hunt
    <trim prefix="(" suffix=")" suffixOverrides=",">
      <if test="id != null">
        id,
      </if>
      <if test="jobId != null">
        job_id,
      </if>
      <if test="username != null">
        username,
      </if>
      <if test="password != null">
        password,
      </if>
      <if test="role != null">
        role,
      </if>
      <if test="organ != null">
        organ,
      </if>
      <if test="phone != null">
        phone,
      </if>
      <if test="email != null">
        email,
      </if>
      <if test="createTime != null">
        create_time,
      </if>
      <if test="updateTime != null">
        update_time,
      </if>
    </trim>
    <trim prefix="values (" suffix=")" suffixOverrides=",">
      <if test="id != null">
        #{id,jdbcType=BIGINT},
      </if>
      <if test="jobId != null">
        #{jobId,jdbcType=VARCHAR},
      </if>
      <if test="username != null">
        #{username,jdbcType=VARCHAR},
      </if>
      <if test="password != null">
        #{password,jdbcType=VARCHAR},
      </if>
      <if test="role != null">
        #{role,jdbcType=BIGINT},
      </if>
      <if test="organ != null">
        #{organ,jdbcType=VARCHAR},
      </if>
      <if test="phone != null">
        #{phone,jdbcType=VARCHAR},
      </if>
      <if test="email != null">
        #{email,jdbcType=VARCHAR},
      </if>
      <if test="createTime != null">
        #{createTime,jdbcType=TIMESTAMP},
      </if>
      <if test="updateTime != null">
        #{updateTime,jdbcType=TIMESTAMP},
      </if>
    </trim>
  </insert>
  <update id="updateByExampleSelective" parameterType="map">
    update user_hunt
    <set>
      <if test="record.id != null">
        id = #{record.id,jdbcType=BIGINT},
      </if>
      <if test="record.jobId != null">
        job_id = #{record.jobId,jdbcType=VARCHAR},
      </if>
      <if test="record.username != null">
        username = #{record.username,jdbcType=VARCHAR},
      </if>
      <if test="record.password != null">
        password = #{record.password,jdbcType=VARCHAR},
      </if>
      <if test="record.role != null">
        role = #{record.role,jdbcType=BIGINT},
      </if>
      <if test="record.organ != null">
        organ = #{record.organ,jdbcType=VARCHAR},
      </if>
      <if test="record.phone != null">
        phone = #{record.phone,jdbcType=VARCHAR},
      </if>
      <if test="record.email != null">
        email = #{record.email,jdbcType=VARCHAR},
      </if>
      <if test="record.createTime != null">
        create_time = #{record.createTime,jdbcType=TIMESTAMP},
      </if>
      <if test="record.updateTime != null">
        update_time = #{record.updateTime,jdbcType=TIMESTAMP},
      </if>
    </set>
    <if test="_parameter != null">
      <include refid="Update_By_Example_Where_Clause" />
    </if>
  </update>
  <update id="updateByExample" parameterType="map">
    update user_hunt
    set id = #{record.id,jdbcType=BIGINT},
      job_id = #{record.jobId,jdbcType=VARCHAR},
      username = #{record.username,jdbcType=VARCHAR},
      password = #{record.password,jdbcType=VARCHAR},
      role = #{record.role,jdbcType=BIGINT},
      organ = #{record.organ,jdbcType=VARCHAR},
      phone = #{record.phone,jdbcType=VARCHAR},
      email = #{record.email,jdbcType=VARCHAR},
      create_time = #{record.createTime,jdbcType=TIMESTAMP},
      update_time = #{record.updateTime,jdbcType=TIMESTAMP}
    <if test="_parameter != null">
      <include refid="Update_By_Example_Where_Clause" />
    </if>
  </update>
  <resultMap id="BaseResultMap" type="com.worxfr.pojo.UserHunt">
    <result column="id" jdbcType="BIGINT" property="id" />
    <result column="job_id" jdbcType="VARCHAR" property="jobId" />
    <result column="username" jdbcType="VARCHAR" property="username" />
    <result column="password" jdbcType="VARCHAR" property="password" />
    <result column="role" jdbcType="BIGINT" property="role" />
    <result column="organ" jdbcType="VARCHAR" property="organ" />
    <result column="phone" jdbcType="VARCHAR" property="phone" />
    <result column="email" jdbcType="VARCHAR" property="email" />
    <result column="create_time" jdbcType="TIMESTAMP" property="createTime" />
    <result column="update_time" jdbcType="TIMESTAMP" property="updateTime" />
  </resultMap>
  <insert id="insert" parameterType="com.worxfr.pojo.UserHunt">
    insert into user_hunt (id, job_id, username, 
      password, role, organ, 
      phone, email, create_time, 
      update_time)
    values (#{id,jdbcType=BIGINT}, #{jobId,jdbcType=VARCHAR}, #{username,jdbcType=VARCHAR},
      #{password,jdbcType=VARCHAR}, #{role,jdbcType=BIGINT}, #{organ,jdbcType=VARCHAR},
      #{phone,jdbcType=VARCHAR}, #{email,jdbcType=VARCHAR}, #{createTime,jdbcType=TIMESTAMP}, 
      #{updateTime,jdbcType=TIMESTAMP})
  </insert>
  <insert id="insertSelective" parameterType="com.worxfr.pojo.UserHunt">
    insert into user_hunt
    <trim prefix="(" suffix=")" suffixOverrides=",">
      <if test="id != null">
        id,
      </if>
      <if test="jobId != null">
        job_id,
      </if>
      <if test="username != null">
        username,
      </if>
      <if test="password != null">
        password,
      </if>
      <if test="role != null">
        role,
      </if>
      <if test="organ != null">
        organ,
      </if>
      <if test="phone != null">
        phone,
      </if>
      <if test="email != null">
        email,
      </if>
      <if test="createTime != null">
        create_time,
      </if>
      <if test="updateTime != null">
        update_time,
      </if>
    </trim>
    <trim prefix="values (" suffix=")" suffixOverrides=",">
      <if test="id != null">
        #{id,jdbcType=BIGINT},
      </if>
      <if test="jobId != null">
        #{jobId,jdbcType=VARCHAR},
      </if>
      <if test="username != null">
        #{username,jdbcType=VARCHAR},
      </if>
      <if test="password != null">
        #{password,jdbcType=VARCHAR},
      </if>
      <if test="role != null">
        #{role,jdbcType=BIGINT},
      </if>
      <if test="organ != null">
        #{organ,jdbcType=VARCHAR},
      </if>
      <if test="phone != null">
        #{phone,jdbcType=VARCHAR},
      </if>
      <if test="email != null">
        #{email,jdbcType=VARCHAR},
      </if>
      <if test="createTime != null">
        #{createTime,jdbcType=TIMESTAMP},
      </if>
      <if test="updateTime != null">
        #{updateTime,jdbcType=TIMESTAMP},
      </if>
    </trim>
  </insert>
  <resultMap id="BaseResultMap" type="com.worxfr.pojo.UserHunt">
    <result column="id" jdbcType="BIGINT" property="id" />
    <result column="username" jdbcType="VARCHAR" property="username" />
    <result column="password" jdbcType="VARCHAR" property="password" />
    <result column="email" jdbcType="VARCHAR" property="email" />
    <result column="phone" jdbcType="VARCHAR" property="phone" />
    <result column="question" jdbcType="VARCHAR" property="question" />
    <result column="answer" jdbcType="VARCHAR" property="answer" />
    <result column="role" jdbcType="BIGINT" property="role" />
    <result column="create_time" jdbcType="TIMESTAMP" property="createTime" />
    <result column="update_time" jdbcType="TIMESTAMP" property="updateTime" />
  </resultMap>
  <insert id="insert" parameterType="com.worxfr.pojo.UserHunt">
    insert into user_hunt (id, username, password, 
      email, phone, question, 
      answer, role, create_time, 
      update_time)
    values (#{id,jdbcType=BIGINT}, #{username,jdbcType=VARCHAR}, #{password,jdbcType=VARCHAR},
      #{email,jdbcType=VARCHAR}, #{phone,jdbcType=VARCHAR}, #{question,jdbcType=VARCHAR}, 
      #{answer,jdbcType=VARCHAR}, #{role,jdbcType=BIGINT}, #{createTime,jdbcType=TIMESTAMP},
      #{updateTime,jdbcType=TIMESTAMP})
  </insert>
  <insert id="insertSelective" parameterType="com.worxfr.pojo.UserHunt">
    insert into user_hunt
    <trim prefix="(" suffix=")" suffixOverrides=",">
      <if test="id != null">
        id,
      </if>
      <if test="username != null">
        username,
      </if>
      <if test="password != null">
        password,
      </if>
      <if test="email != null">
        email,
      </if>
      <if test="phone != null">
        phone,
      </if>
      <if test="question != null">
        question,
      </if>
      <if test="answer != null">
        answer,
      </if>
      <if test="role != null">
        role,
      </if>
      <if test="createTime != null">
        create_time,
      </if>
      <if test="updateTime != null">
        update_time,
      </if>
    </trim>
    <trim prefix="values (" suffix=")" suffixOverrides=",">
      <if test="id != null">
        #{id,jdbcType=BIGINT},
      </if>
      <if test="username != null">
        #{username,jdbcType=VARCHAR},
      </if>
      <if test="password != null">
        #{password,jdbcType=VARCHAR},
      </if>
      <if test="email != null">
        #{email,jdbcType=VARCHAR},
      </if>
      <if test="phone != null">
        #{phone,jdbcType=VARCHAR},
      </if>
      <if test="question != null">
        #{question,jdbcType=VARCHAR},
      </if>
      <if test="answer != null">
        #{answer,jdbcType=VARCHAR},
      </if>
      <if test="role != null">
        #{role,jdbcType=BIGINT},
      </if>
      <if test="createTime != null">
        #{createTime,jdbcType=TIMESTAMP},
      </if>
      <if test="updateTime != null">
        #{updateTime,jdbcType=TIMESTAMP},
      </if>
    </trim>
  </insert>

  <select id="login" resultMap="BaseResultMap">
    select
    <include refid="Base_Column_List" />
    from user_hunt
    where job_id = #{job_id} and password = #{password}
  </select>

  <update id="updateByPrimaryKeySelective" parameterType="com.worxfr.pojo.UserHunt">
    update student
    <set>
      <if test="id != null">
        #{id,jdbcType=BIGINT},
      </if>
      <if test="username != null">
        #{username,jdbcType=VARCHAR},
      </if>
      <if test="password != null">
        #{password,jdbcType=VARCHAR},
      </if>
      <if test="email != null">
        #{email,jdbcType=VARCHAR},
      </if>
      <if test="phone != null">
        #{phone,jdbcType=VARCHAR},
      </if>
      <if test="question != null">
        #{question,jdbcType=VARCHAR},
      </if>
      <if test="answer != null">
        #{answer,jdbcType=VARCHAR},
      </if>
      <if test="role != null">
        #{role,jdbcType=BIGINT},
      </if>
      <if test="createTime != null">
        #{createTime,jdbcType=TIMESTAMP},
      </if>
      <if test="updateTime != null">
        #{updateTime,jdbcType=TIMESTAMP},
      </if>
    </set>
    where id = #{id,jdbcType=BIGINT}
  </update>

  <select id="selectByJobId" parameterType="java.lang.Integer" resultMap="BaseResultMap">
    select
    <include refid="Base_Column_List" />
    from user_hunt
    where job_id = #{job_id,jdbcType=BIGINT}
  </select>
</mapper>